strategy_id,date,effectiveness,cost_efficiency,adoption_rate
1,2023-01-01,0.6126829182188716,0.8532732899288543,0.6195801648948098
3,2023-01-31,0.7791706580608474,0.90398728245081,0.6208118488081937
1,2023-03-02,0.8363236125544956,0.7300763730825033,0.626039310704389
3,2023-04-01,0.6937301943677395,0.8173359634602853,0.6191997536287768
3,2023-05-01,0.8059871352924282,0.79687405997502,0.7768975541519672
1,2023-05-31,0.6346761447816549,0.8718638648990251,0.6801868410598174
1,2023-06-30,0.666576811886698,0.8394868383345578,0.6935342372165996
3,2023-07-30,0.7695872215538915,0.8682673554046116,0.8327175987486286
3,2023-08-29,0.7364676887702709,0.8738227350813362,0.766256886353042
1,2023-09-28,0.6626962710569332,0.8508733036118702,0.5772069762454566
1,2023-10-28,0.6627453406386421,0.9272865632742436,0.5057179847865115
3,2023-11-27,0.6290968366887509,0.9164178904103849,0.5081377223029314
2,2023-12-27,0.7304082065472296,0.8973332209213515,0.5641992513512872
1,2024-01-26,0.7555709638490361,0.8073342567471822,0.5375551812517431
3,2024-02-25,0.7336662700599692,0.8921775679287541,0.563778531029983
2,2024-03-26,0.8141637575809332,0.899018381734506,0.4974728896025739
1,2024-04-25,0.7000021696553935,0.8185565800341267,0.5824145876278347
1,2024-05-25,0.6890443373370052,0.8012419885130684,0.5791716884055205
1,2024-06-24,0.7013876594884874,0.8216466679534911,0.5429737056226317
2,2024-07-24,0.8474749211063872,0.8501162941142413,0.6335173919130789
3,2024-08-23,0.7864901421506177,0.8239278544413651,0.667300130611775
2,2024-09-22,0.7766326019105597,0.8990491181365253,0.7103796165866912
2,2024-10-22,0.6420371855313991,0.8015362083759655,0.6094411584593697
2,2024-11-21,0.8639072701407556,0.9248037687135335,0.7692167757285616
3,2024-12-21,0.7312955320290077,0.8382938418237398,0.6407281436259767
2,2025-01-20,0.713219636865363,0.8441570974131062,0.6962595645514502
1,2025-02-19,0.6960313568973293,0.8156823515467192,0.6109162202498073
3,2025-03-21,0.7970303846655903,1.0,0.636790048323495
1,2025-04-20,0.6964099798863727,0.8535176537781105,0.7145523807723188
1,2025-05-20,0.6670445302711376,0.8509159873769679,0.7242914927184211
1,2025-06-19,0.655390872308211,0.7696417936616521,0.7491652497814482
2,2025-07-19,0.7129500797569019,0.8070240976804742,0.5975370147260778
2,2025-08-18,0.7648083244889601,0.8655891893032205,0.715603071845483
2,2025-09-17,0.7944144829179053,0.8501817282564265,0.5883181775738103
1,2025-10-17,0.7788522692945027,0.7514374473180823,0.6346910914444855
1,2025-11-16,0.7807639464190904,0.8465241558324762,0.6637060236018321
3,2025-12-16,0.672604559116499,0.8775992862393199,0.5328884720832906
2,2026-01-15,0.7322508956271652,0.8757535518666895,0.6166933638463696
2,2026-02-14,0.7245899404798753,0.8299025880675633,0.5780083508041477
2,2026-03-16,0.743339224064254,0.7708732217876466,0.7234418259065948
1,2026-04-15,0.8268095586121743,0.7797021680332915,0.820585680463641
1,2026-05-15,0.7445212018914046,0.7326200323993305,0.8385652400603807
1,2026-06-14,0.6850877277866649,0.9538228819459011,0.6597835224279736
3,2026-07-14,0.7925215746248965,0.9196953564650223,0.682616478710305
1,2026-08-13,0.7615558126246996,0.8508636912703633,0.5266060676901476
1,2026-09-12,0.7160277926203171,0.905270262702469,0.7674739297974205
3,2026-10-12,0.8076074449256125,0.8584010110740511,0.7506481385193873
2,2026-11-11,0.7902250424713048,0.8114419958232046,0.593028441629042
1,2026-12-11,0.8084786106847474,0.9161382552833489,0.8189480438945196
3,2027-01-10,0.7301882141480249,0.835557488538862,0.6966481952345758
3,2027-02-09,0.7923821080412008,0.910874932971236,0.5507055627483072
1,2027-03-11,0.7774123428083836,0.847909574096078,0.7940620568950024
2,2027-04-10,0.7667583125863492,0.8350066935061086,0.6860812499413116
1,2027-05-10,0.8156525449446852,0.9380575725898017,0.7273810907053391
3,2027-06-09,0.6679850090345482,0.8254472711336783,0.7047552848099445
2,2027-07-09,0.7275704182553331,0.8526044941278409,0.5928783946090843
2,2027-08-08,0.762898035039671,0.7374683021569588,0.7528051542171738
2,2027-09-07,0.890659587120074,0.7506185279750581,0.7112377202076264
1,2027-10-07,0.6589918699884785,0.7949565998567379,0.5462460434375811
1,2027-11-06,0.6614799190799897,0.8207100342826084,0.7222589754900816
1,2027-12-06,0.8113488030680842,0.9216625833600726,0.5991974115509539
2,2028-01-05,0.8594771135751331,0.8472347885930948,0.6297881301510815
2,2028-02-04,0.7873534779644757,0.8014464840544656,0.6125983903953621
3,2028-03-05,0.6822541311316836,0.8199981017644802,0.6591156001005724
1,2028-04-04,0.746277335741909,0.8918365632992803,0.6458948878276585
3,2028-05-04,0.7575660761131219,0.949691638193614,0.6813480422608101
1,2028-06-03,0.7649859816568927,0.8382657028283527,0.716598963446228
1,2028-07-03,0.6789455816839116,0.9379141909020272,0.7611762030198526
2,2028-08-02,0.7809491563762461,0.8421674699160606,0.596668980423684
1,2028-09-01,0.7977956201990102,0.8712380873032421,0.6957586438770739
1,2028-10-01,0.7222204822148337,0.783290005236575,0.6466496151235048
3,2028-10-31,0.781010359624836,0.8881459369752278,0.6765572816892053
1,2028-11-30,0.6934577866442984,0.8972974850581696,0.6876505851270048
1,2028-12-30,0.7617279076451648,0.9042716482499487,0.5578167347961482
3,2029-01-29,0.7648400031293827,0.9085117932992409,0.5909397753940223
1,2029-02-28,0.7593760384797981,0.7491662702687938,0.7364454649905846
2,2029-03-30,0.6213884268556649,0.8400003999346126,0.5832570917478681
2,2029-04-29,0.7360957430561502,0.9128475798677105,0.6686564204903275
3,2029-05-29,0.7230956154217731,0.8868244587002307,0.6892542721765017
3,2029-06-28,0.7569521744021617,0.7617255159065682,0.7257054322869089
1,2029-07-28,0.7688752613374135,0.8524089415833657,0.6157281397885218
1,2029-08-27,0.8436254213389309,0.8068597091764346,0.7687323267945275
2,2029-09-26,0.7771439672539913,0.8199258002543856,0.7521610631535246
3,2029-10-26,0.7459990732543075,0.958944619539247,0.6673554596033703
2,2029-11-25,0.7523394342437681,0.7762661951099165,0.5369354643413314
3,2029-12-25,0.7223806747584,0.8421754164434583,0.6882085313066529
3,2030-01-24,0.7661986947592443,0.9231322852789894,0.5501023899043397
2,2030-02-23,0.798469896024807,0.8915870131623548,0.6237907720486464
2,2030-03-25,0.707382284455455,0.8576397930775854,0.663223116864525
3,2030-04-24,0.7438917872408287,0.9132421889899754,0.5985986059011279
3,2030-05-24,0.6617980231647473,0.847708694954567,0.62704886844309
1,2030-06-23,0.7506192323699623,0.8185161948911289,0.6658463319556133
2,2030-07-23,0.7477691474099851,0.8330021446617845,0.6926085074055452
1,2030-08-22,0.8139338381288436,0.8294429895112457,0.5916910899927182
3,2030-09-21,0.7574459482061908,0.8448028757729552,0.5566746799841851
1,2030-10-21,0.7783757280164213,0.9120487177871934,0.6123449396836912
3,2030-11-20,0.7610738931272276,0.8237081115405989,0.5263751553941187
1,2030-12-20,0.7185010017038901,0.9248064403409721,0.6597010311187399
2,2031-01-19,0.7461584412871198,0.781775178200746,0.7343332302337017
1,2031-02-18,0.7411281309412034,0.8335183152672699,0.8108083842673958
3,2031-03-20,0.7597451089259486,0.9022728622152784,0.7869875563438004
3,2031-04-19,0.7310334146093606,0.831790958923438,0.626183081001968
1,2031-05-19,0.8037975181791334,0.8202476439686325,0.596652983306168
3,2031-06-18,0.7800659456401513,0.7859018552063776,0.5277651456393398
2,2031-07-18,0.7755925085359617,0.9139274272146725,0.7181342471315582
3,2031-08-17,0.8086525271323285,0.831675454356841,0.7288602980963512
3,2031-09-16,0.6852204389920222,0.803535003087013,0.5724540227811403
3,2031-10-16,0.7386030015925801,0.825005145911822,0.646746211144419
2,2031-11-15,0.816259018112723,0.8125475233333311,0.7471518263169751
2,2031-12-15,0.7965656115628581,0.7839442699608374,0.8138917033142561
3,2032-01-14,0.7154717882993336,0.8267198968842393,0.5640858583733702
2,2032-02-13,0.8131843999529926,0.89729034728213,0.5469919621891048
2,2032-03-14,0.6498454880142903,0.9079577479019293,0.6160927039089946
2,2032-04-13,0.7992324457747788,0.9150335060203899,0.7746975064479392
3,2032-05-13,0.7345920639613028,0.8959733744705076,0.5542704518422298
3,2032-06-12,0.6989768111369569,0.8509784264796724,0.6249914653115295
2,2032-07-12,0.7617501305541075,0.7822402974808245,0.629580979629266
3,2032-08-11,0.7094919467152772,0.853682951374694,0.7242687064144183
1,2032-09-10,0.7331994055781186,0.8314420320400676,0.5636893966047527
3,2032-10-10,0.6187210866938948,0.8926737561385234,0.598019718139353
3,2032-11-09,0.6770700246105533,0.9600813215029254,0.6151934276329801
2,2032-12-09,0.8870893849018948,0.7800878655474264,0.6266878832493143
3,2033-01-08,0.8386493186650746,0.9186069515745989,0.6993225038944685
2,2033-02-07,0.8041584435571973,0.961592665871674,0.623638040613221
2,2033-03-09,0.7399484809530549,0.8063538665557292,0.5477844342591931
3,2033-04-08,0.6805761480086648,0.8184347415288401,0.6810244575109996
1,2033-05-08,0.6974240762125771,0.8295257370143075,0.8109594434981326
2,2033-06-07,0.8121815323673836,0.8802660955247678,0.7643519934444213
3,2033-07-07,0.618578206257278,0.8246385019678775,0.7713868993062348
3,2033-08-06,0.8010875023870794,0.9608986045350497,0.5333291193909981
3,2033-09-05,0.7438449990414991,0.8317109426519984,0.6588589862960524
1,2033-10-05,0.8704050848476625,0.8694818541781653,0.6842225523547939
3,2033-11-04,0.7504380710972356,0.9205927043485507,0.6288322074572291
2,2033-12-04,0.791814777689762,0.7522294801807794,0.6187772107054559
3,2034-01-03,0.6638742705799627,0.8616608066506646,0.6085153343127674
3,2034-02-02,0.6412539408513857,0.8333896070931672,0.5942989595249708
3,2034-03-04,0.7883411807316467,0.899254783707983,0.6491686964283401
1,2034-04-03,0.8588414128117257,0.8773066069170161,0.7819973372845106
2,2034-05-03,0.7272604547099119,0.802296456303486,0.7305969552143863
1,2034-06-02,0.6306727669517869,0.8319323560428636,0.6729606076991149
3,2034-07-02,0.7611403505661911,0.9390413306545726,0.7258150652193553
2,2034-08-01,0.6975972605374744,0.7436988731518502,0.6163589614503754
3,2034-08-31,0.6772301198680621,0.8706985944108592,0.7959664137788929
3,2034-09-30,0.7263329896454513,0.9053948023031304,0.646087169023124
2,2034-10-30,0.7607919436216078,0.8148863155082376,0.6368292980753324
2,2034-11-29,0.7330636865451206,0.8249703016237754,0.6316130643361408
3,2034-12-29,0.7628996580581783,0.7887836166188203,0.6758055186389766
1,2035-01-28,0.7334258329501556,0.884777704072379,0.6046974264815286
2,2035-02-27,0.8455822949115624,0.736108463656063,0.61592060075275
1,2035-03-29,0.8285458168677828,0.8459425894855798,0.7364947496944725
1,2035-04-28,0.6168072553779169,0.9141215505182534,0.792512816798605
2,2035-05-28,0.8626687737762605,0.7995427600891275,0.76727454956362
1,2035-06-27,0.8007156948354238,0.7546582223882123,0.6562448345359342
1,2035-07-27,0.7222061633300412,0.9305726015018663,0.78054526895374
3,2035-08-26,0.7171624122511734,0.7512353141400632,0.5976495333945244
3,2035-09-25,0.7694286074346232,0.7768788820655326,0.5860906300375072
2,2035-10-25,0.7282724937530127,0.9504948218918481,0.5113602008929313
3,2035-11-24,0.8200245669620276,0.8792292504764748,0.5863981267551023
2,2035-12-24,0.8085110968756891,0.8539315325726602,0.7210250380757538
1,2036-01-23,0.7591208826029948,0.896860304739128,0.5713457062370225
2,2036-02-22,0.6993716768161359,0.7837902815470921,0.5536535232861041
3,2036-03-23,0.7444756979537258,0.9376806554890534,0.6639521859875495
1,2036-04-22,0.7131832565722537,0.7923458606016555,0.7717280228760215
1,2036-05-22,0.7007848938595865,0.8100969899619836,0.7283180810221807
2,2036-06-21,0.7232429197145857,0.8278671029327048,0.676158974350137
1,2036-07-21,0.7248800133782993,0.9027828872114001,0.650007711793003
1,2036-08-20,0.7602448211718721,0.8778089123003363,0.51907799255364
2,2036-09-19,0.6729767316172764,0.9427023134002168,0.7243863211446671
1,2036-10-19,0.6949475829834467,0.8263751088125934,0.5817713118526756
2,2036-11-18,0.6805716847140577,0.7954534765381478,0.5789085331069768
2,2036-12-18,0.7521260876123986,0.8277710645891951,0.698780932393625
1,2037-01-17,0.8373211384346319,0.8437377725909689,0.5809433693440644
2,2037-02-16,0.7886529061263391,0.8747822586271123,0.6373610453445343
2,2037-03-18,0.7458581588044548,0.8489804504626288,0.6912335257599509
2,2037-04-17,0.7246648575444309,0.8960127808677071,0.593794430619004
1,2037-05-17,0.6851060618950947,0.8999940170941568,0.6551490487914449
2,2037-06-16,0.7171575124464747,0.9441998957493457,0.6352667805479092
2,2037-07-16,0.8121365480980524,0.8595552591676067,0.48143317994268775
3,2037-08-15,0.7676093193529456,0.7985400229185887,0.6855000479423092
1,2037-09-14,0.7134062540103631,0.8516235387104246,0.6800495740114564
3,2037-10-14,0.7969627821050945,0.8829057407008725,0.6840130285056689
1,2037-11-13,0.8309065152361222,0.9046702254889522,0.5450309759845309
2,2037-12-13,0.7716005989636601,0.7932860765694493,0.4883228958109215
3,2038-01-12,0.7617139554520621,0.83316487959139,0.6939100420027621
1,2038-02-11,0.8445533865579282,0.9318474393306444,0.6627887904812895
2,2038-03-13,0.7976217169881937,0.788097723606791,0.5603641582877724
3,2038-04-12,0.7514038251196282,0.9196827256423827,0.7075466175086326
1,2038-05-12,0.7370080632912789,0.9291550657864661,0.7543239796870845
1,2038-06-11,0.730501725064655,0.8909124975725291,0.6457663212575491
2,2038-07-11,0.7127322144444681,0.8291497298461289,0.5390885349138037
3,2038-08-10,0.735746232552035,0.8660766314259107,0.5960674667596659
1,2038-09-09,0.7160849410888208,0.7360306230278919,0.5111565118870384
3,2038-10-09,0.7112544464396243,0.9863414149747173,0.4297228078629025
2,2038-11-08,0.6540800324145902,0.8461538588941119,0.7711723081331945
1,2038-12-08,0.6327595930093808,0.9189215128531424,0.6903754268114463
1,2039-01-07,0.805864513377737,0.7567047528497349,0.7090389191940969
2,2039-02-06,0.6952184599214627,0.909263643837195,0.655013663392463
2,2039-03-08,0.7075572221951411,0.8155892778616722,0.7155047744479518
3,2039-04-07,0.8574203361338758,0.8627187806076572,0.5743567392907165
2,2039-05-07,0.7294659166756788,0.8083770027183319,0.6033645197922045
2,2039-06-06,0.8204909578532693,0.7245957966857356,0.7101651693936286
1,2039-07-06,0.7788097374237557,0.8451678097116321,0.5971969350561883
3,2039-08-05,0.6663127430276552,0.8942760713630833,0.7519416643069508
2,2039-09-04,0.6753437827844285,0.8607690214643786,0.6774834544979484
2,2039-10-04,0.8091358244156107,0.9042196761129423,0.6476938376698134
2,2039-11-03,0.7214526902839884,0.8521705948344954,0.8451397015998523
2,2039-12-03,0.7393157701191022,0.7973486299330197,0.7089970816526654
3,2040-01-02,0.7441575436399445,0.9425952815286326,0.638066149019298
2,2040-02-01,0.6813306298522877,0.8385663383355834,0.7188302770646681
2,2040-03-02,0.6827396992357523,0.922822213203238,0.5524423698405765
2,2040-04-01,0.6420173415982716,0.8896757717328323,0.6430908035740104
3,2040-05-01,0.7495142417495874,0.8659118390006468,0.6606274093671974
1,2040-05-31,0.7417550179274616,0.7892307019184839,0.6549017626185637
3,2040-06-30,0.7492525562022416,0.9027133839543814,0.5714324722400254
2,2040-07-30,0.8584416559836155,0.9419709820712032,0.5620925933755371
2,2040-08-29,0.7586613267099809,0.8485808613707738,0.5672268988647949
2,2040-09-28,0.6943914002647579,0.8015812529805083,0.704745408628743
2,2040-10-28,0.8335995230551544,0.8415584448231668,0.5791334169294977
3,2040-11-27,0.8015550666837815,0.9187296326719332,0.6688538593254624
2,2040-12-27,0.8468281492429273,0.8398810043623806,0.7401708921999095
2,2041-01-26,0.7803689968805075,0.8714874793124396,0.6560178709047099
2,2041-02-25,0.7914643069644386,0.8615336833583385,0.5298582993393484
1,2041-03-27,0.7078500449540569,0.8013596482026891,0.582496545729358
2,2041-04-26,0.7349836072633695,0.9417024767636243,0.7046969746720904
1,2041-05-26,0.8488815008593761,0.8558758038371979,0.7056301552011832
1,2041-06-25,0.6693457032216985,0.7804180716921811,0.7182936164929388
3,2041-07-25,0.7307781297706306,0.7758509887858648,0.665111581842529
3,2041-08-24,0.7519738223366813,0.7627373628235787,0.7256506968004596
3,2041-09-23,0.8225804790382903,0.8064868428401548,0.681993353552327
3,2041-10-23,0.8198511480311584,0.793340327033911,0.5743514358377375
3,2041-11-22,0.742796763380246,0.8032343145723955,0.6411162882561685
3,2041-12-22,0.6418702290612278,0.819739831039946,0.6609370431950251
2,2042-01-21,0.773447299290814,0.937195875027353,0.7029728777503543
3,2042-02-20,0.8514060791734309,0.8197442305084499,0.6056765735380933
2,2042-03-22,0.7065857304239659,0.8454853030459669,0.6211748565585042
3,2042-04-21,0.7887821204262322,0.9178607231179688,0.5737522487438453
1,2042-05-21,0.7874721722631391,0.8362662861029687,0.6991893632179127
2,2042-06-20,0.6982710357681332,0.8754170045437175,0.6798389984151966
3,2042-07-20,0.7814756646172651,0.8016242661280024,0.5266263368309889
1,2042-08-19,0.7610002787319047,0.8262414977671722,0.6670294205996317
2,2042-09-18,0.7906048306793567,0.9355644960206435,0.5237245535207161
3,2042-10-18,0.7687397133945078,0.8473714698312935,0.6132736249925723
1,2042-11-17,0.8236847827543448,0.9214399400933303,0.660230042782125
2,2042-12-17,0.6807570324379606,0.8767315796786876,0.660792096366478
2,2043-01-16,0.9192454951201494,0.8062107224526621,0.5911760547608323
2,2043-02-15,0.6888612460464778,0.9076909067696879,0.5602058353359867
1,2043-03-17,0.7252110178422887,0.9144443200961256,0.5727518126344908
1,2043-04-16,0.7785210373969143,0.8282764571565406,0.7172402126471847
1,2043-05-16,0.7177673790152567,0.8944542327228306,0.4844241383481521
2,2043-06-15,0.765941045998173,0.7975390227152896,0.5771182521708111
2,2043-07-15,0.777677347366676,0.8487581243087767,0.6368603157298132
2,2043-08-14,0.7287066571969939,0.8399478259660201,0.6088675496476897
3,2043-09-13,0.7340625559138263,0.846197180454704,0.7256153608656877
3,2043-10-13,0.7316176839646245,0.842508932048983,0.7161065116877289
1,2043-11-12,0.6603439812326879,0.8948069478410489,0.7308873616248036
3,2043-12-12,0.7769794583381558,0.8794075749972846,0.6613064884482095
1,2044-01-11,0.8496979851672045,0.9035200935170874,0.6845409877513602
1,2044-02-10,0.8457339629267729,0.8188083963840993,0.7953239701165105
3,2044-03-11,0.7744893418848374,0.7809230452579852,0.5913320159609962
1,2044-04-10,0.7856433391794874,0.8198228307688502,0.5512622830330525
2,2044-05-10,0.748482552147608,0.9429165382165379,0.588307471209014
3,2044-06-09,0.6695092602972642,0.8364336578812606,0.6331808504524473
1,2044-07-09,0.7294061832361304,0.8637832147600858,0.5610563572413779
3,2044-08-08,0.7698447846211242,0.7653833027813368,0.6868344350744946
3,2044-09-07,0.8787673570047541,0.8768945642983974,0.43322075160691864
3,2044-10-07,0.7242391252144049,0.9342222931502834,0.6693130754757799
2,2044-11-06,0.7616683270023553,0.8538946145668874,0.7019682307592732
2,2044-12-06,0.7306083923377125,0.9020904308635332,0.46483815035056913
1,2045-01-05,0.8031287326753157,0.814548623718653,0.6821535486587943
1,2045-02-04,0.7969897684940356,0.93041215765746,0.6712500785617441
1,2045-03-06,0.8365914491202184,0.9062584316933596,0.6545987962495905
3,2045-04-05,0.7711539349361597,0.7550049006860167,0.6171117607477914
1,2045-05-05,0.737773733153428,0.7396529231995956,0.6886400600403337
1,2045-06-04,0.632326960860596,0.7667719057029128,0.7164272051677992
2,2045-07-04,0.7183596619662949,0.8619185206326414,0.6507535546202073
1,2045-08-03,0.6771960555765614,0.8463410520942475,0.6611021033548757
3,2045-09-02,0.7461168334472135,0.8395619932104514,0.6005608196940605
3,2045-10-02,0.7650871926224859,0.8974765580815494,0.6763771189146895
2,2045-11-01,0.7227441729188557,0.9157465704322871,0.6693848727595978
3,2045-12-01,0.7197100804420906,0.7301978530239224,0.5129540679569928
1,2045-12-31,0.7693246678603003,0.8686297828828757,0.7077279907479659
3,2046-01-30,0.8355254752742619,0.7761736714124599,0.6007300008888593
3,2046-03-01,0.7992186905766439,0.7829458546934631,0.5390909325005417
1,2046-03-31,0.7225291414622754,0.8411884402765358,0.6710137430289089
2,2046-04-30,0.8225947501766192,0.7585288376995972,0.589645078136633
2,2046-05-30,0.8073489231460884,0.9293853486767433,0.6066720335251363
2,2046-06-29,0.7075368584402746,0.7560885912243972,0.591608724869383
3,2046-07-29,0.7349410530976499,0.836565458712394,0.5847766968590492
2,2046-08-28,0.7259339564128549,0.9029519067539225,0.7426879997560523
2,2046-09-27,0.6903203113192125,0.8222347593479631,0.7127035823041047
1,2046-10-27,0.7593955172090755,0.939087002489169,0.7217603305149172
2,2046-11-26,0.7979775229009025,0.7817996539555695,0.739423877728122
2,2046-12-26,0.7357666157947756,0.8743038499528042,0.6144896723928521
2,2047-01-25,0.7894261896090635,0.8652792435301512,0.6944720362075463
1,2047-02-24,0.7978209293685881,0.8934557718230454,0.5076822088402272
3,2047-03-26,0.8522962836243282,0.7972814821226601,0.656505817861789
3,2047-04-25,0.7252138961114996,0.8500468166704617,0.71278432563753
1,2047-05-25,0.7658214648806904,0.8491255816793812,0.7507642022352284
1,2047-06-24,0.7797262434692497,0.8019321351008724,0.5424614454241854
3,2047-07-24,0.7184662542762242,0.9022655230343264,0.6549514408264332
1,2047-08-23,0.793513778018667,0.8950312378419458,0.7356773720037751
2,2047-09-22,0.6639280306772513,0.8546857603266753,0.6963725822915179
2,2047-10-22,0.7456535027985873,0.8485343485979383,0.6377524352456084
2,2047-11-21,0.8218906152789994,0.8891863206697393,0.6230787620581772
3,2047-12-21,0.8240653500451608,0.7777517884980845,0.7354504214286482
1,2048-01-20,0.7193515627341285,0.8135281887964703,0.6174322395864839
1,2048-02-19,0.7080252235012892,0.7968347757392844,0.610833580160243
2,2048-03-20,0.7989312541988312,0.9640256624476387,0.7042151691643456
2,2048-04-19,0.6990358139350805,0.8221966807137734,0.5802238808238539
1,2048-05-19,0.6554689730040049,0.8533344679430657,0.5674222939089042
1,2048-06-18,0.7366797401323419,0.9106388040127457,0.7091362884365077
2,2048-07-18,0.7625872887767288,0.8066452840764444,0.6665045156612275
3,2048-08-17,0.8282583574573683,0.8758613688043098,0.746258091717615
3,2048-09-16,0.7348953567423395,0.9149706014532368,0.7202732951744123
1,2048-10-16,0.7548536170832671,0.8397028553119542,0.6954386530620656
1,2048-11-15,0.7400368595387355,0.8861526459526956,0.6583207344709776
3,2048-12-15,0.8173997070730789,0.8200738725995478,0.6350846977890089
2,2049-01-14,0.7491202680752351,0.8573297587619148,0.7076169871471304
1,2049-02-13,0.7088558488545704,0.8517192148807684,0.6840257062190959
2,2049-03-15,0.6990683943757509,0.8625761852727116,0.5995665535342765
3,2049-04-14,0.7611266456125504,0.8769714732164027,0.5652024831614968
1,2049-05-14,0.7331667618631441,0.859840726982991,0.621360199508851
1,2049-06-13,0.7167182844269113,0.8084493878167438,0.7255315400735579
2,2049-07-13,0.7806669407244037,0.7494844584358927,0.7044386907637783
2,2049-08-12,0.7686700620441578,0.8224816403130286,0.6983816007854657
1,2049-09-11,0.7140879056718734,0.7686729620557279,0.7540566296451013
1,2049-10-11,0.7401557913792663,0.7614826373340151,0.7505721055345341
3,2049-11-10,0.8034876692244989,0.8830917903948536,0.6655815918683049
3,2049-12-10,0.731813834156903,0.915143805212124,0.5909865209743159
1,2050-01-09,0.7302046765270012,0.8392439801742957,0.5980175677059274
3,2050-02-08,0.7988382135105625,0.8019502697938181,0.7403324915588056
3,2050-03-10,0.6948009192012228,0.9555737384770758,0.6955404389396715
3,2050-04-09,0.7075357424821547,0.8019004525167013,0.6660839038246367
3,2050-05-09,0.8233155385822947,0.8192501246875671,0.6521234356535597
2,2050-06-08,0.8149343738665584,0.7545461850254348,0.7505499663853042
3,2050-07-08,0.8476327282481151,0.8479187187479742,0.7409904424563883
3,2050-08-07,0.7930494347433679,0.8114979009226339,0.6476849812721875
1,2050-09-06,0.7517625053636982,0.8080420340862411,0.6744302889546394
3,2050-10-06,0.8129807237335165,0.7781745652669042,0.7178422073758538
2,2050-11-05,0.7466754598219024,0.775426204757556,0.6745530926843204
2,2050-12-05,0.7603284918754103,0.8148933363391935,0.6389435573932002
1,2051-01-04,0.7404762053762625,0.9104290716470422,0.7007413697638342
1,2051-02-03,0.8358567185164719,0.8725912569836844,0.6009175273427177
1,2051-03-05,0.6570805173989201,0.7878272147732674,0.6622208272455902
1,2051-04-04,0.8282419045032066,0.9007379053512614,0.7616206407151351
3,2051-05-04,0.7403327590036265,0.8035905135339243,0.5453923604689689
2,2051-06-03,0.7849258663024727,0.8632513346794339,0.6595244948476314
2,2051-07-03,0.8132501393850726,0.7970984341131049,0.7286430006388803
1,2051-08-02,0.6911080277222956,0.8390736805979583,0.6697119928508084
3,2051-09-01,0.8726781528473488,0.7210714381217842,0.8325111638437621
3,2051-10-01,0.7490222705724976,0.8744337109267,0.6415181016412651
1,2051-10-31,0.7194339326372723,0.8231611366642503,0.6460248673284621
2,2051-11-30,0.6954248950565479,0.8440482381252844,0.7250082843700413
1,2051-12-30,0.8607309096570569,0.8473316995930857,0.5471010811286284
2,2052-01-29,0.7141996477658836,0.8835907283919258,0.678997283884425
1,2052-02-28,0.7653739302570843,0.785899591056887,0.7119583781625469
1,2052-03-29,0.763781829849863,0.8539731127968041,0.544647643299621
2,2052-04-28,0.7936859985740081,0.8272559281147311,0.602452225136711
2,2052-05-28,0.8198014055785796,0.8088470958973356,0.6015374573928214
2,2052-06-27,0.7351635277381563,0.8590590564205127,0.6653338560164997
3,2052-07-27,0.7125156871026153,0.8246663399175289,0.6940032375768129
1,2052-08-26,0.7270142654302246,0.7840396131353332,0.583281565149935
1,2052-09-25,0.6888389724287496,0.8667561538392393,0.7260938661619536
1,2052-10-25,0.8117256695797782,0.8531759771485399,0.7375428840730378
3,2052-11-24,0.7366080338540705,0.7139340449712934,0.7764149811038471
3,2052-12-24,0.8138931387641748,0.8155197427341271,0.7920825098210015
3,2053-01-23,0.5715848810066897,0.8345778662253508,0.4710156596149321
2,2053-02-22,0.6901089347234556,0.9240676670743646,0.5779127085820338
3,2053-03-24,0.7889390729962451,0.838197511692896,0.6657107251525175
2,2053-04-23,0.7390785586717227,0.794260637977813,0.5546499369050948
3,2053-05-23,0.7585822047955634,0.7382305139215937,0.5741389493829282
3,2053-06-22,0.782211688635575,0.8714706251549011,0.6439122309819736
3,2053-07-22,0.7201290215870512,0.9272085214362636,0.48410247660016203
2,2053-08-21,0.6699748370219015,0.7884070740788429,0.6654134598431147
1,2053-09-20,0.7309815679902133,0.8289354431110242,0.6276812030715819
1,2053-10-20,0.6863668961539062,0.8225179411539245,0.5894465079375913
2,2053-11-19,0.7070985674104759,0.830483419607262,0.6062652347128386
2,2053-12-19,0.703829416810331,0.8717662006480826,0.8138745962952161
2,2054-01-18,0.793893926223429,0.8914956678457686,0.5549999067921686
3,2054-02-17,0.7846760448697329,0.9458905027721131,0.8144169890316078
2,2054-03-19,0.6946952686277001,0.8772140329083946,0.7518056774295552
2,2054-04-18,0.7485745221588301,0.8511589294022072,0.6276755010361134
3,2054-05-18,0.6988121020294789,0.7763307829464472,0.560298440661312
2,2054-06-17,0.6504468127028902,0.8941483097837387,0.5638547227021623
1,2054-07-17,0.7682661313034909,0.9320666938519112,0.6625633035951285
2,2054-08-16,0.8187535949553383,0.843740535532534,0.7673686928234643
3,2054-09-15,0.6475667180099138,0.8622168793136625,0.6223431877879043
3,2054-10-15,0.7505591635606159,0.8850660137938072,0.6177948855528826
3,2054-11-14,0.8005122347926318,0.8489703828630403,0.6255070837050372
1,2054-12-14,0.6958298733243284,0.7915198946441719,0.5987031978078408
3,2055-01-13,0.7101416223435231,0.8078417961421391,0.6491537209706565
3,2055-02-12,0.7367606832217353,0.8030749966738637,0.7727799121375242
2,2055-03-14,0.6625355703424901,0.7802472167259339,0.674883064129768
3,2055-04-13,0.6728257098454093,0.830509214458458,0.7668217209327978
1,2055-05-13,0.7781654733205191,0.8816972885343328,0.7813683246007198
1,2055-06-12,0.6657551345009877,1.0,0.6816792598585106
1,2055-07-12,0.6454790443319147,0.9500322659187749,0.6952247781859301
1,2055-08-11,0.7259813821702805,0.8413696036742061,0.3507213041276102
3,2055-09-10,0.7660455516549589,0.7570841295489565,0.623708303989249
3,2055-10-10,0.7816552876032365,0.7849046041276081,0.563990505411602
1,2055-11-09,0.8395269694739689,0.7982346405969443,0.47335259424000575
2,2055-12-09,0.6903407622083048,0.8447107367049397,0.6603430621583782
1,2056-01-08,0.7170411451930392,0.8598049136679221,0.7991254966986019
1,2056-02-07,0.7289062020502296,0.852147726222188,0.5466141443449573
1,2056-03-08,0.7545851565980936,0.9208149638642863,0.7001148077939199
2,2056-04-07,0.7700485119205744,0.9376740203592494,0.5871257879229008
1,2056-05-07,0.7419240860165809,0.82448877626631,0.6923430646916445
3,2056-06-06,0.8229444171714388,0.8047812685398774,0.6409654602678737
3,2056-07-06,0.6597117920704516,0.7894909159808099,0.662941963028491
3,2056-08-05,0.8203375713440615,0.8035214135893078,0.6110895844262734
1,2056-09-04,0.6889762429526072,0.8918347880636457,0.624888598887241
1,2056-10-04,0.7252858511055292,0.8743218047090228,0.7170838250165107
1,2056-11-03,0.729295910095244,0.8046558367368376,0.8090758072187411
1,2056-12-03,0.7005071324462976,0.8681798087831591,0.7609202939364658
2,2057-01-02,0.6935036882540764,0.8614388390362472,0.5734778688693692
1,2057-02-01,0.6995581489317528,0.8359901670335036,0.5922403095406027
1,2057-03-03,0.6352375441759222,0.8445518371818748,0.7104876143277666
3,2057-04-02,0.7633392317527447,0.9708745380325657,0.7180456272141704
2,2057-05-02,0.7755191640939639,0.8300478735861397,0.5273866306879664
1,2057-06-01,0.6763735899270171,0.8085853353729615,0.6577326355248553
2,2057-07-01,0.756337913890089,0.8122930477777442,0.7383657737560437
2,2057-07-31,0.6754501385101642,0.806462862159669,0.5908693914620293
2,2057-08-30,0.8391630582081211,0.8480714250456304,0.6357837126972821
2,2057-09-29,0.7431700736310214,0.8441618904038469,0.7343118684296492
1,2057-10-29,0.713146272800627,0.9206170600844827,0.4806584537933866
1,2057-11-28,0.8692002236342813,0.8168870216654203,0.6215026525609008
1,2057-12-28,0.7249385883724243,0.8270668214677873,0.6168658644570784
1,2058-01-27,0.7432312817658179,0.9706753841737275,0.702115499129837
1,2058-02-26,0.7628656755706806,0.8281461430588523,0.7084249700158435
2,2058-03-28,0.7067217239241489,0.8808995484422439,0.7366572138399967
2,2058-04-27,0.7218362532682853,0.6497731842486938,0.7123265333647123
3,2058-05-27,0.7345724146665152,0.8776577369389524,0.6650731111449782
1,2058-06-26,0.8387657592833364,0.9161016498966492,0.576354030251718
1,2058-07-26,0.6557693652653441,0.9217147056694783,0.8373769985876632
3,2058-08-25,0.7418925647618153,0.7524783279284664,0.8000384326517993
2,2058-09-24,0.7500285556905227,0.8473404160838148,0.44518377698261324
2,2058-10-24,0.702483472268985,0.8798642081740737,0.7779728163696513
2,2058-11-23,0.8141663344164414,0.7255977854751801,0.6191899110915126
3,2058-12-23,0.7001995278369071,0.8933764414153604,0.5958654843909744
2,2059-01-22,0.7252644940638904,0.8961538387512005,0.8279973236426029
2,2059-02-21,0.6772295202268435,0.8177026420885997,0.7071066543503445
1,2059-03-23,0.7140795781461687,0.9065938555952138,0.463732439438711
2,2059-04-22,0.6952775645763979,0.8862425959913296,0.7586048552967836
1,2059-05-22,0.8020656484038879,0.8668331835029961,0.5630715199188756
3,2059-06-21,0.7640831404110711,0.8776911826542921,0.6636946305152781
2,2059-07-21,0.7760618519110216,0.8626257884774282,0.5754774647137099
3,2059-08-20,0.8214066065895302,0.8592193544923623,0.5825229237534144
1,2059-09-19,0.6608857819349168,0.8087485338166843,0.8357611861043333
3,2059-10-19,0.7694276200229596,0.8833489568571545,0.6848015464958068
1,2059-11-18,0.7542723496674287,0.9123723940633218,0.7545956724701407
3,2059-12-18,0.6966961257225421,0.8089951410458137,0.635085921954815
1,2060-01-17,0.8094026599528249,0.9303404980370686,0.5692441304178257
2,2060-02-16,0.6895090531628368,0.8098473492242914,0.679043993492425
2,2060-03-17,0.6629176702775835,0.8554649297217044,0.760603595284191
1,2060-04-16,0.7179838247222596,0.7772778409985092,0.6849760252383179
1,2060-05-16,0.7862130677607576,0.8426701758080944,0.5858633127013323
3,2060-06-15,0.7094512964013854,0.8591284570079089,0.6331952902163394
1,2060-07-15,0.7428614155803448,0.8790066675373607,0.7032561806962344
1,2060-08-14,0.6725009045921174,0.8538160719458563,0.5596748229025478
2,2060-09-13,0.7286756311024528,0.8673381372739585,0.5591389652048098
3,2060-10-13,0.7082178836228961,0.8638004270436974,0.6816727465073456
2,2060-11-12,0.7932153050466608,0.8554545758873856,0.7618690349702718
3,2060-12-12,0.7982911820367067,0.8427412547390463,0.7332746383019466
3,2061-01-11,0.5727003925474374,0.849352610000559,0.7012935538156301
3,2061-02-10,0.7686399612797653,0.8272037615615406,0.6274032629790328
3,2061-03-12,0.7308362400786858,0.8980751140683618,0.6724380206730507
1,2061-04-11,0.7638444089592659,0.7901785867409302,0.7777121308658157
2,2061-05-11,0.7496810004050146,0.9289697709626848,0.5554196246100156
1,2061-06-10,0.732387411474528,0.744556648185014,0.6081991467374147
2,2061-07-10,0.8348226323708183,0.8035607133328463,0.629838706210539
1,2061-08-09,0.772041745823021,0.869585215843709,0.6913905126766099
2,2061-09-08,0.8217641506631195,0.7716635696403321,0.7073142047419629
3,2061-10-08,0.790288593731205,0.8653057131592545,0.6685864266509269
2,2061-11-07,0.7961578669801043,0.824504031726898,0.6370595638517016
2,2061-12-07,0.8083301292713745,0.8701574352491239,0.5689067689616236
3,2062-01-06,0.8434207742807838,0.8834979961293846,0.5595448917119947
3,2062-02-05,0.8268379788346027,0.8281587908775261,0.6783125351814693
1,2062-03-07,0.7927070796832427,0.7950396104479309,0.5831255208126036
1,2062-04-06,0.7191176761362488,0.8658614540846441,0.5730202832199747
2,2062-05-06,0.7568700307592002,0.8451501106054293,0.7888978090016301
1,2062-06-05,0.7896674153132786,0.8654701655453448,0.7330643046895502
2,2062-07-05,0.7828110796699678,0.8171711791427109,0.6082789750049203
3,2062-08-04,0.7315725446904933,0.8697717958512484,0.5620312504950956
2,2062-09-03,0.7822693852213071,0.9063430156287111,0.7608697555379739
2,2062-10-03,0.7267473143336115,0.8567949919331659,0.6509358853303845
2,2062-11-02,0.7070275318191557,0.874776214023311,0.8349699936883139
2,2062-12-02,0.7452848998861852,0.8250760533287674,0.6941022664050613
1,2063-01-01,0.6273491865622854,0.9522217400716737,0.7102551824455121
1,2063-01-31,0.8058175893142387,0.838000871721114,0.6452558229651
2,2063-03-02,0.7706696145556756,0.8943188432129067,0.6985453286872049
3,2063-04-01,0.7361844357395864,0.8835221419791227,0.5880419274456952
1,2063-05-01,0.6717059066200134,0.9007563576137984,0.7032325528190007
2,2063-05-31,0.7281969267733047,0.8269638637828551,0.6347888650830994
3,2063-06-30,0.720634190390704,0.8630913418141308,0.6649525327950798
2,2063-07-30,0.7223381160007741,0.8712763594495545,0.43853793812050545
2,2063-08-29,0.7968632591410045,0.805119780893299,0.6009864693429009
2,2063-09-28,0.788985257446288,0.8211180138030135,0.7246738606130563
2,2063-10-28,0.7293905124714418,0.8210382334302762,0.5667379971546986
1,2063-11-27,0.8167209434241385,0.8148648972887884,0.6655502865051437
1,2063-12-27,0.7866841396220244,0.778793119135323,0.6865982422967787
3,2064-01-26,0.8071917915817151,0.7315670322450192,0.5963405934524179
2,2064-02-25,0.8303666977253744,0.9187803319222296,0.6465878543101671
1,2064-03-26,0.8282694594341712,0.8203600045663592,0.577371534554695
2,2064-04-25,0.8021598915318308,0.8445379628691542,0.6509517864004085
3,2064-05-25,0.7990694620982242,0.8187186173843972,0.7861541514794108
3,2064-06-24,0.7528352916668741,0.9469481082962844,0.7499779258664445
1,2064-07-24,0.709738437785611,0.8792843985383714,0.6397557301069203
3,2064-08-23,0.714299652096325,0.8337525524997368,0.6777320748287061
3,2064-09-22,0.754532800549734,0.8894484606117737,0.6264891053797713
2,2064-10-22,0.6848660301136641,0.7545712000657396,0.6814220727777822
3,2064-11-21,0.6662075632855017,0.8121712619136574,0.7362506877076124
1,2064-12-21,0.6804292242165852,0.7925538965762162,0.6222469031899581
1,2065-01-20,0.7075361577402519,0.80311035415678,0.6864318427622086
1,2065-02-19,0.7794657730138378,0.8460761219093635,0.5906831144183015
1,2065-03-21,0.6897733172363433,0.8205403332052581,0.5010951313842418
2,2065-04-20,0.7331341563495322,0.8704524103950949,0.7001619246393119
1,2065-05-20,0.7226374175981354,0.8513271875981868,0.7002386364974138
2,2065-06-19,0.6490262847893629,0.8442718693604231,0.5579655148282207
2,2065-07-19,0.7608825795980456,0.7910223366422893,0.768218675527632
2,2065-08-18,0.7946601974488143,0.8662622622672729,0.5898867449330351
2,2065-09-17,0.7043168563073338,0.7685178793638411,0.5642694981209554
1,2065-10-17,0.7302926770768139,0.8558652033251545,0.6973475640105212
2,2065-11-16,0.7471356593469503,0.9607038699969734,0.6488550838077373
2,2065-12-16,0.6726057939117778,0.865587270050713,0.7539925842211559
3,2066-01-15,0.8430184505026811,0.8404042451001681,0.7203270277808635
1,2066-02-14,0.76717265973537,0.8146519691915881,0.5992878817525298
3,2066-03-16,0.6932605438610498,0.7803622050202865,0.7719172654985307
1,2066-04-15,0.7985726948651629,0.8227416917933953,0.6609932445214144
2,2066-05-15,0.7657360532003704,0.8996404681338457,0.6979360486397335
3,2066-06-14,0.7187734948196383,0.9134578413954959,0.7058186231906561
1,2066-07-14,0.7240777480918777,0.8593707602964368,0.7136922276604671
2,2066-08-13,0.838145149465425,0.7772908566522612,0.5497600319496037
3,2066-09-12,0.8154298090406217,0.8870514107743684,0.7445556136163642
3,2066-10-12,0.7422687762740676,0.9473932156250252,0.7317039872764473
2,2066-11-11,0.7155308094000021,0.9013431991724384,0.7848087896716945
2,2066-12-11,0.7772936780124496,0.917346867450048,0.6450685199308608
3,2067-01-10,0.7357361860736581,0.8161661727756817,0.6410551164035811
3,2067-02-09,0.8109963993360568,0.8020599755821699,0.6940791733700955
3,2067-03-11,0.7405834455282159,0.7943063344331944,0.6746772958043077
1,2067-04-10,0.7605730989903386,0.914260353086169,0.7278543715014417
2,2067-05-10,0.654588511937586,0.8884283131281396,0.5030311130286553
2,2067-06-09,0.8056601853743428,0.8146895446422954,0.5037447849643707
2,2067-07-09,0.7777423760474005,0.8546406730210871,0.602870318587715
3,2067-08-08,0.7084845649301655,0.768129739471107,0.7419027017252847
1,2067-09-07,0.6607794703740048,0.8233765280942555,0.5501451968390906
3,2067-10-07,0.6664538712007501,0.8672321532946892,0.666059004705596
3,2067-11-06,0.7839549404858541,0.7851992355350139,0.5818353678755419
1,2067-12-06,0.8808974429133674,0.8447059412434249,0.7202926688264826
1,2068-01-05,0.7168473402228136,0.7585781255422346,0.5966539633632931
2,2068-02-04,0.6772106899956045,0.8413928721244766,0.6612072085770407
1,2068-03-05,0.6659949596398596,0.8376460137264473,0.6618878786794555
1,2068-04-04,0.720392465957403,0.7675584610584756,0.6734674159786516
1,2068-05-04,0.7953137155703404,0.856430669522303,0.627630463350925
2,2068-06-03,0.735575713245637,0.7828838144948049,0.5882578478597601
3,2068-07-03,0.6490636476478051,0.7930453225877866,0.6109608937614285
1,2068-08-02,0.7514259428534005,0.9045462042922634,0.5740494721939318
1,2068-09-01,0.7298181961747762,0.7403234087436379,0.7616821474846205
3,2068-10-01,0.7776367900916994,0.8281637124175947,0.7019938883243604
1,2068-10-31,0.6871702123970738,0.8874144140856931,0.4445013256503806
2,2068-11-30,0.8558754909684305,0.7934027132906591,0.7143581227597283
2,2068-12-30,0.7337899424890664,0.8647113458200013,0.5065691838174856
1,2069-01-29,0.7436435563189813,0.8873436317695385,0.4446874416503911
3,2069-02-28,0.799858978849108,0.9543087001216966,0.5384845999657921
1,2069-03-30,0.8191148231613953,0.7377423190510363,0.7611407256038953
2,2069-04-29,0.8905433791316539,0.8731656022495428,0.5499322730575061
1,2069-05-29,0.8512006051232915,0.8149962284122256,0.6466480314864419
2,2069-06-28,0.7263248396006912,0.7958886706539056,0.52982656051172
1,2069-07-28,0.7963402399924062,0.8786396912724977,0.6811957328482304
3,2069-08-27,0.773132703351592,0.7630067783960507,0.6590882449490875
1,2069-09-26,0.6498214527744977,0.9039884446035272,0.5823467099046546
1,2069-10-26,0.7813166015463029,0.8484809847420329,0.6339039845991581
1,2069-11-25,0.801305093767988,0.7050854560990856,0.7387425332157685
2,2069-12-25,0.8536092889577136,0.7827930732274058,0.7461145052908563
2,2070-01-24,0.7768844446992511,0.9072193003140554,0.7452530535076443
2,2070-02-23,0.7171891904478837,0.8327313843126537,0.5550662864019272
2,2070-03-25,0.7205463860792034,0.7930119886588524,0.719133204209875
2,2070-04-24,0.7120099198805597,0.9071974486613656,0.7357498389529343
2,2070-05-24,0.7806451467373956,0.8421364187559155,0.6182551257614517
1,2070-06-23,0.7491755958490262,0.8461548263421856,0.4258762528064849
2,2070-07-23,0.7737525752372006,0.810506734937807,0.7396245209085311
3,2070-08-22,0.682763640941273,0.8672287575954508,0.7558210101404882
2,2070-09-21,0.769841051120463,0.7713099154420114,0.9052116897672069
2,2070-10-21,0.7338918419577751,0.8687352781214053,0.6207933178775513
2,2070-11-20,0.8096644198206313,0.8939285547305883,0.6594883883562229
1,2070-12-20,0.6987151468021079,0.7644226714158207,0.628015575003393
2,2071-01-19,0.6629930301110384,0.7817229515063462,0.8368448522522264
3,2071-02-18,0.716283507851263,0.7823617139127055,0.6395607388059631
2,2071-03-20,0.7829808075257141,0.9049477252893823,0.6649089626791591
1,2071-04-19,0.6315824414472022,0.7988580529387215,0.7108809325355839
2,2071-05-19,0.7749925244141924,0.8578372246835404,0.6414751340183178
2,2071-06-18,0.820844506646741,0.8388077171267868,0.6492989226361768
1,2071-07-18,0.7567403885764091,0.7150564193671649,0.79328256126525
3,2071-08-17,0.7704289736154813,0.888922168271189,0.7948735133424525
2,2071-09-16,0.8499227536633907,0.82889171605665,0.721031172612442
3,2071-10-16,0.756169080895643,0.8065055755785985,0.6562998464029218
2,2071-11-15,0.6473979411164442,0.7918562844576846,0.6486079123903111
3,2071-12-15,0.77841409412883,0.9144996620163286,0.6481147100685187
1,2072-01-14,0.7323748184858591,0.8672512819960928,0.7385966523106844
2,2072-02-13,0.8606317202578363,0.9113853521192475,0.7041085392359365
1,2072-03-14,0.7416151506485726,0.901828977443388,0.6423371790880055
2,2072-04-13,0.7670056641645123,0.796157894705567,0.6399518350616712
1,2072-05-13,0.7561260052993164,0.8601769186784141,0.7213245372391194
1,2072-06-12,0.6938438631525049,0.8340716465371597,0.47641487270485156
2,2072-07-12,0.7712260597096771,0.8331262098651981,0.5629849317574533
1,2072-08-11,0.7498142970559565,0.7015584047383392,0.6109448754283756
3,2072-09-10,0.7286966491707018,0.8479457055896914,0.5673581273236754
3,2072-10-10,0.8046697902620757,0.8478183727589663,0.5952027078541979
3,2072-11-09,0.7235873641488838,0.829569372550301,0.558435890559071
3,2072-12-09,0.7999630154439268,0.88409190705774,0.6063259524869857
3,2073-01-08,0.7130083017261117,0.8855078683993791,0.655504192003725
1,2073-02-07,0.7148418831205612,0.9776484017763273,0.6100661842463244
2,2073-03-09,0.7340231991222742,0.9311561296178598,0.650153333481189
2,2073-04-08,0.8472641796019907,0.7930461143741756,0.7748095435904583
2,2073-05-08,0.7086044441198605,0.789512762364616,0.6671749923449087
2,2073-06-07,0.6669578088274775,0.8446931268062146,0.6056597870050426
3,2073-07-07,0.7659310571272538,0.8924585408419338,0.6044663589278763
2,2073-08-06,0.836153715265421,0.8571837313825037,0.5912895710343913
1,2073-09-05,0.8379420795433667,0.8830825810506847,0.6048007665779819
2,2073-10-05,0.8252178085414746,0.9461387730277064,0.6941917399170181
2,2073-11-04,0.7631661404574818,0.8820696844910041,0.7446366085799887
3,2073-12-04,0.7185082051141536,0.8153899872846655,0.7283577050593534
2,2074-01-03,0.8943331845874519,0.8997323340804824,0.7256125511142878
1,2074-02-02,0.702205881958246,1.0,0.6269332273522809
1,2074-03-04,0.8206667426438534,0.9113174773683865,0.6002877375191272
1,2074-04-03,0.8314022267191287,0.786713015997892,0.5235721125482404
2,2074-05-03,0.7869408797087671,0.839303396259549,0.5407391201680469
1,2074-06-02,0.7764571351722663,0.9154523488021237,0.5172345473003983
1,2074-07-02,0.6885497191721693,0.972529550094253,0.6349226484772056
2,2074-08-01,0.7309294845560472,0.8077060902428922,0.6474419093727188
2,2074-08-31,0.7682023996370805,0.7838832531309179,0.7580465032794521
1,2074-09-30,0.8141168328466417,0.8616769282310036,0.6441361026019243
3,2074-10-30,0.7150454146624026,0.8855189919936312,0.9007230362605909
1,2074-11-29,0.8209188108042543,0.8220543614477869,0.6662067448805176
3,2074-12-29,0.9380124253467648,0.8649868993014985,0.5140725279941971
1,2075-01-28,0.6801364635351189,0.8205938161575838,0.699862869518712
2,2075-02-27,0.8194199466969111,0.7420855769946957,0.6077367400284488
2,2075-03-29,0.8018639093191301,0.8991543060747218,0.610344941920706
2,2075-04-28,0.7240777211912514,0.8172567058704628,0.7066819031764705
3,2075-05-28,0.7738179745043944,0.8430687244440551,0.6782482834372738
3,2075-06-27,0.8084615318258798,0.8560915183910595,0.7235695766221675
1,2075-07-27,0.7434654714560499,0.8197160096710184,0.4175289524516293
1,2075-08-26,0.7278791980443281,0.9220868438467476,0.6810162149629078
2,2075-09-25,0.7384613051007498,0.9313115312750406,0.7283491457719209
2,2075-10-25,0.7784424047005957,0.7929671803731877,0.5718002078555325
3,2075-11-24,0.8191795270089317,0.8965848258142147,0.6333288690991432
1,2075-12-24,0.8451666100692918,0.8680778330564959,0.6014517619801752
1,2076-01-23,0.7164566963694752,0.8508431485019057,0.4734752537704122
3,2076-02-22,0.8504382342474901,0.7987980085918029,0.6315524359723421
1,2076-03-23,0.8249302048784337,0.9163424542769558,0.42629429399229285
3,2076-04-22,0.7062019127624475,0.8427853130543597,0.6411620507407354
2,2076-05-22,0.737589038666937,0.8626166594231693,0.6427824983511673
3,2076-06-21,0.7292680788181479,0.8776175002000038,0.6211142064359769
2,2076-07-21,0.8202759168946657,0.7826817179631717,0.622617174181558
1,2076-08-20,0.7131170451740712,0.8803032481492904,0.6976885122136256
1,2076-09-19,0.694007817356426,0.891731617645887,0.6587412295903553
2,2076-10-19,0.7362593387423436,0.8626556466451064,0.6788735144104365
3,2076-11-18,0.7556607366282275,0.8314130798490625,0.6644245604931287
3,2076-12-18,0.7618781400226639,0.8457172197482604,0.763826805150773
2,2077-01-17,0.7101451324109657,0.8248906667373773,0.860898759737171
1,2077-02-16,0.6704470911097964,0.8010169276489031,0.76812130975066
3,2077-03-18,0.6703810587032524,0.8499894736150336,0.5939673060580751
3,2077-04-17,0.7129692135549399,0.8830078615054839,0.7806252608360131
3,2077-05-17,0.7539786997985851,0.855256134176622,0.6461612281882114
2,2077-06-16,0.7760236568089603,0.8300283425772714,0.4993236182203707
2,2077-07-16,0.6819960936545368,0.7621990130481221,0.585263541881866
1,2077-08-15,0.7516172239269945,0.7266384027922924,0.6287407745444923
1,2077-09-14,0.6898132014613217,0.8742105427605705,0.7199162990335346
3,2077-10-14,0.7486645555446608,0.8367805542198821,0.7892130769829355
3,2077-11-13,0.676242831008653,0.8633658845701211,0.6256168738759624
2,2077-12-13,0.6833360143257727,0.8804059389542214,0.7500760748989476
2,2078-01-12,0.6171869645891254,0.8612593477618796,0.7387673002742348
2,2078-02-11,0.7814408293668212,0.8279194280678321,0.6918899162012974
3,2078-03-13,0.7778796453534507,0.8594636477888409,0.6127465144440318
3,2078-04-12,0.7424585650006056,0.8344841646605313,0.8174099752930326
3,2078-05-12,0.7449360481226025,0.9310841101767973,0.7649842481748319
2,2078-06-11,0.7433047689539695,0.794576679942849,0.555327730717426
1,2078-07-11,0.758031325793718,0.901933650789703,0.7298553114012355
1,2078-08-10,0.77550041988586,0.8726381914224618,0.5255914947994345
3,2078-09-09,0.7515164009004223,0.8451695336668539,0.7061775311251822
2,2078-10-09,0.7906115927357675,0.819415995893227,0.5773384651472135
3,2078-11-08,0.7665865753319966,0.8960417881466094,0.6134701719254267
1,2078-12-08,0.7915106324727954,0.8519163051831422,0.5620715582608922
1,2079-01-07,0.7304780237096563,0.8542744069414123,0.6929383071311533
1,2079-02-06,0.7147297404024213,0.8779196421849949,0.6264669393757955
3,2079-03-08,0.6334682522633788,0.7869447633280204,0.6738065759700842
2,2079-04-07,0.6783302278856187,0.8049895403996751,0.6787120742049415
3,2079-05-07,0.7145521640011258,0.787992008792839,0.6947275098148015
3,2079-06-06,0.6899706568002373,0.8183874857939104,0.6314120996470062
2,2079-07-06,0.7556491799344699,0.8558924190929454,0.7515391062532201
2,2079-08-05,0.7644379675347373,0.9032502884844201,0.7155098516391843
3,2079-09-04,0.7637557123313368,0.9568731276490614,0.8065795666427559
2,2079-10-04,0.6254908424535802,0.8562023600607996,0.8375905339322414
1,2079-11-03,0.8192057495394278,0.8337864178303518,0.5092019936794838
3,2079-12-03,0.6627432070857617,0.8858038299184002,0.5527123304523853
3,2080-01-02,0.8245364779227594,0.8045526546187637,0.7700160377899753
2,2080-02-01,0.774469156119905,0.8602776788610373,0.5441372555653043
3,2080-03-02,0.7822027581514687,0.735834530533361,0.6747235241200765
2,2080-04-01,0.8078114480782914,0.761723271026207,0.5225010604574805
3,2080-05-01,0.7909035722462714,0.9096915918207819,0.7462288955889426
2,2080-05-31,0.7184591093070467,0.8502798198134079,0.6644126824966045
1,2080-06-30,0.7746037745759855,0.8678359004466546,0.7266131919836676
3,2080-07-30,0.7189091374365782,0.8558903651301129,0.6263701109407824
3,2080-08-29,0.8347648889672474,0.9155438675658659,0.7849613685414969
1,2080-09-28,0.7316942876734717,0.8577001028609261,0.5926366731500461
3,2080-10-28,0.7654172984283881,0.8751943181575864,0.7477532383206789
3,2080-11-27,0.8029740911658569,0.7864546744350699,0.6953938183199764
1,2080-12-27,0.6599499255607938,0.8493470921410405,0.7072567743418974
2,2081-01-26,0.8106486218828842,0.8149834254286602,0.5483424123050198
1,2081-02-25,0.7483616116694034,0.880180529049712,0.595685690031325
3,2081-03-27,0.7332004622292674,0.8501280660070609,0.6164175652220782
1,2081-04-26,0.8497214319231613,0.8300631566389536,0.6650197020498647
1,2081-05-26,0.6591625947417894,0.8241386043429588,0.6628793988588242
3,2081-06-25,0.7567482147532043,0.8517001989651469,0.4553441729338594
3,2081-07-25,0.7070417923499411,0.8126305445661729,0.6469047498848888
1,2081-08-24,0.7831381548801215,0.894923707222852,0.5453794706353946
3,2081-09-23,0.747224020201127,0.816590807728276,0.8058737307155954
2,2081-10-23,0.7930017285283113,0.9630993307793122,0.5873150428020205
2,2081-11-22,0.7430310476133813,0.8566730903593082,0.6055255092777698
3,2081-12-22,0.783722781198158,0.819521608037808,0.6177820270759481
2,2082-01-21,0.7293517280609807,0.929954167521399,0.6217032712441946
2,2082-02-20,0.6710380308238695,0.7674934660104225,0.7383461435903818
1,2082-03-22,0.7417511299158176,0.6575084394204613,0.6904130163280853
3,2082-04-21,0.7981739504250936,0.8181997608886772,0.6142601524457744
2,2082-05-21,0.9042470087251849,0.964476083119258,0.7158300008018359
1,2082-06-20,0.7529468422898028,0.7942709319700062,0.9475614253519593
3,2082-07-20,0.773674581681112,0.8823556585665895,0.6149686628057713
1,2082-08-19,0.7943376300954127,0.8178826068457073,0.8894904090124766
3,2082-09-18,0.6679334473647611,0.7549136188112805,0.6155460187004894
2,2082-10-18,0.7693199285635847,0.780433316225948,0.8342467098371189
2,2082-11-17,0.8390706101058891,0.8692369285366579,0.6090176666954039
2,2082-12-17,0.633390747831565,0.913990967939095,0.6420922687328244
3,2083-01-16,0.7666622544131917,0.9393098539797946,0.8003628963403466
3,2083-02-15,0.7671339454731524,0.8463399393487323,0.6001900050942276
1,2083-03-17,0.6891867947280425,0.8018433012216809,0.7056870804075183
1,2083-04-16,0.6247706636692189,0.9288530789107311,0.5590975983350689
1,2083-05-16,0.7083942647129472,0.7863339850966264,0.5874885973553082
1,2083-06-15,0.6984555132987105,0.8374007267429618,0.6206735827935321
2,2083-07-15,0.8298207109947793,0.8324782661048276,0.7933598490564919
2,2083-08-14,0.6951641048327138,0.8144641532971781,0.576700551631884
1,2083-09-13,0.8083821563717222,0.8646004005009801,0.6004688104594593
3,2083-10-13,0.7919610376044545,0.8517233362116265,0.6338133870923319
3,2083-11-12,0.7733932700801834,0.8390574726285669,0.6706774345144456
2,2083-12-12,0.6966479975439823,0.9434793364343068,0.7246782299151423
3,2084-01-11,0.6110152448692732,0.8265868941517454,0.51762985993197
1,2084-02-10,0.7775126883688499,0.8057171862049703,0.5808923293519135
3,2084-03-11,0.6825906152466306,0.8926611995787932,0.729499241996514
3,2084-04-10,0.74286904273596,0.9535937729523607,0.4728208859599351
2,2084-05-10,0.8134620319775236,0.8868010474894127,0.673256514076371
2,2084-06-09,0.7151345737777128,0.9398754809418998,0.7232545666963373
1,2084-07-09,0.6186694615282855,0.8594354658318336,0.6676246858711714
2,2084-08-08,0.6984733528843172,0.866849212274739,0.725172597195369
3,2084-09-07,0.7109181173212226,0.8077842606896934,0.6521093275212521
3,2084-10-07,0.809165248197263,0.8777015145011002,0.6655394407498255
1,2084-11-06,0.7231983152810205,0.8485296465848546,0.5648365487639717
2,2084-12-06,0.7181872640198294,0.7874248787757547,0.5953515469569324
2,2085-01-05,0.7375721475781359,0.7884778122747437,0.7591447711010915
1,2085-02-04,0.7103879011023594,0.8403712392403273,0.5738201054049427
1,2085-03-06,0.7144898148051895,0.7947514593837129,0.5812165647543831
1,2085-04-05,0.7356047876259054,0.8361225264564326,0.5769763447552273
1,2085-05-05,0.7318965156155182,0.8422497295196647,0.7534622674756548
1,2085-06-04,0.7612885855814817,0.7231638634097411,0.7308755889651918
3,2085-07-04,0.6089484698564014,0.8825873925663669,0.6523661882729067
2,2085-08-03,0.8149693846174489,0.7829361243486244,0.7042390364304311
3,2085-09-02,0.7930345022633214,0.8309120430047962,0.678573867377798
2,2085-10-02,0.8356507512021965,0.839056617943684,0.6378966342033909
3,2085-11-01,0.7720261962677717,0.8375668664072818,0.5294221341046498
2,2085-12-01,0.6858151903217289,0.9202300665424946,0.650621453846445
1,2085-12-31,0.7981892179603907,0.8138745539198353,0.7122858484326107
2,2086-01-30,0.7276277591413036,0.8881919913631146,0.5669821607034905
2,2086-03-01,0.7838582443304719,0.8146703970070761,0.7056418064173242
2,2086-03-31,0.6938519525976394,0.852739975113145,0.7039369090434332
2,2086-04-30,0.7270802693284465,0.8442359724455706,0.5937743613279307
1,2086-05-30,0.712722227652978,0.798447997547218,0.6457670389983363
1,2086-06-29,0.7922820487532233,0.8833302831960445,0.5890318858126433
3,2086-07-29,0.6532632848265993,0.8237093694743677,0.5059157171747557
2,2086-08-28,0.7083747647304393,0.836978057251445,0.7000885786724507
3,2086-09-27,0.6559060932799557,0.825454123849255,0.6208097197754864
3,2086-10-27,0.7456455460903897,0.8851270035748042,0.5288418092876976
2,2086-11-26,0.7102307183686225,0.8264939204263275,0.7763278429103047
1,2086-12-26,0.767671266043025,0.8573692615552517,0.706433677817591
3,2087-01-25,0.6709572459812185,0.8291521578390137,0.6130864450055419
1,2087-02-24,0.7815679860866961,0.8295931216157537,0.6833679713220296
1,2087-03-26,0.8011668165777311,0.873086698869989,0.7568886025788903
2,2087-04-25,0.7472910418713441,0.8971194497122429,0.6884316564867299
2,2087-05-25,0.8900557907097537,0.8886807433356497,0.5952588575590156
3,2087-06-24,0.7882283588137309,0.8734137387762149,0.6449112828745787
3,2087-07-24,0.7922326766790178,0.9205131873325264,0.7222915596797305
2,2087-08-23,0.7712349541232197,0.8613266098967512,0.6070684237606576
2,2087-09-22,0.7382631172014394,0.8410356372965158,0.688794710684471
3,2087-10-22,0.7552213000910599,0.9019139832623813,0.7936719807831871
3,2087-11-21,0.7839611524981168,0.9099522513885109,0.6796048826213998
3,2087-12-21,0.6405904684116784,0.8350643037334973,0.6473009514780085
3,2088-01-20,0.7818592232372581,0.8959624708537618,0.6604271226471093
2,2088-02-19,0.7288503052917832,0.9496460331101204,0.5399768763294577
2,2088-03-20,0.8197833656065837,0.9410817997283456,0.7384198146851411
3,2088-04-19,0.7526834063675127,0.881633228890911,0.6990134411798773
2,2088-05-19,0.7125112615759797,0.9242974990106683,0.6495026153182931
1,2088-06-18,0.6448004378899056,0.8319047423109985,0.7608265945049801
1,2088-07-18,0.742084037487473,0.8913851420583789,0.5734495758684742
3,2088-08-17,0.6340871938865213,0.8755336656290523,0.7257715192685135
1,2088-09-16,0.7444040947570679,0.7769018405879641,0.5845367293255822
1,2088-10-16,0.6277099404167574,0.8489968492548436,0.6333028777968899
1,2088-11-15,0.7706669900307853,0.8390618371655658,0.5089325167917893
1,2088-12-15,0.8046508330017531,0.8692591704913063,0.593074043702214
2,2089-01-14,0.7665803245261339,0.7788369323449894,0.6583478255298402
1,2089-02-13,0.704129377467779,0.8865706350824903,0.7622145185057635
1,2089-03-15,0.7507626629071237,0.8239884512201046,0.5350254174104128
1,2089-04-14,0.910827090284072,0.8716268502485259,0.742707271208428
3,2089-05-14,0.7566486894458808,0.8736775789260973,0.6514993345524176
3,2089-06-13,0.8071579170147667,0.8674264004883313,0.6301276642740103
1,2089-07-13,0.7625869807890343,0.8631991832202686,0.6157336431188584
2,2089-08-12,0.6672672628621129,0.7647580628759375,0.47033833987233303
1,2089-09-11,0.8410016666488342,0.8074754483280304,0.5701140197834202
2,2089-10-11,0.7882006813599746,0.8971758552556655,0.6946022300814407
2,2089-11-10,0.7579792873001314,0.8111429928687692,0.5410028613747975
1,2089-12-10,0.679279824714158,0.7946167093550901,0.6029258180535537
3,2090-01-09,0.6356194423143147,0.8376816860797152,0.5074200797369797
1,2090-02-08,0.6712381059526649,0.9027827772295447,0.5285990954442398
2,2090-03-10,0.6801285075164972,0.8783925635406216,0.5841324995094862
2,2090-04-09,0.772933502583219,0.8396796361135992,0.5893317246805921
2,2090-05-09,0.7585617924911552,0.7929407142159858,0.6297482232797825
1,2090-06-08,0.7139898476618307,0.8235904966855694,0.5754723694832552
1,2090-07-08,0.7656266905513673,0.901556524276032,0.7725782329551731
2,2090-08-07,0.6965412065663513,0.8479794394458511,0.6558024641722296
3,2090-09-06,0.7966874206103254,0.8804745927091683,0.7227918616664328
2,2090-10-06,0.7637818624804121,0.8243074935102963,0.5967039875968342
1,2090-11-05,0.866018685768828,0.8977863563638241,0.6507296123834696
1,2090-12-05,0.8165194365654967,0.9188046891956784,0.8090723727653993
2,2091-01-04,0.7161695295793012,0.7860201668400397,0.6541482976273333
2,2091-02-03,0.7892183480802594,0.9187125248680722,0.7425602829326922
2,2091-03-05,0.8033132871005337,0.8151325887022188,0.7464348711330245
2,2091-04-04,0.6685069196460598,0.8633260462003695,0.6760416434968053
3,2091-05-04,0.7719245870023831,0.7526089951999202,0.5536076956872873
3,2091-06-03,0.7356491921733472,0.7630860836719439,0.8762431807603962
2,2091-07-03,0.7995991891806586,0.889502182316528,0.6547636169221961
2,2091-08-02,0.7477348606360836,0.7621907324141081,0.6158575951018259
1,2091-09-01,0.7695273372712318,0.8584913866574609,0.5385042813701038
2,2091-10-01,0.7172630586005616,0.7781492158339253,0.43961235322440123
1,2091-10-31,0.8171945944473255,0.8044933642452512,0.7472849413032875
2,2091-11-30,0.7552857329131659,0.8137059521357521,0.7165856503581796
1,2091-12-30,0.7555298222529604,0.7796554502831218,0.8259504455452463
3,2092-01-29,0.7599206424094075,0.8880552181435619,0.5747892694806325
2,2092-02-28,0.7309440669896726,0.6890471952546211,0.548195290360793
1,2092-03-29,0.6805854000559678,0.828070851542029,0.9553678405442003
2,2092-04-28,0.7671282591817004,0.746790993534643,0.6913609328946337
3,2092-05-28,0.83412725989045,0.734786986638571,0.45085059332274036
2,2092-06-27,0.7536871998352683,0.8891922151739957,0.7456895186062027
3,2092-07-27,0.8194335327913584,0.8073889035662877,0.7038765701240234
1,2092-08-26,0.7453236137649849,0.7769672159489386,0.6784557581761564
3,2092-09-25,0.8049508322739141,0.9761228286350747,0.8423762878210592
3,2092-10-25,0.7577708580650502,0.867678245257256,0.5834450348536995
2,2092-11-24,0.7869352829881573,0.8927710145660982,0.5895271081536669
3,2092-12-24,0.7247075199503975,0.8617404721164638,0.5791580863359193
1,2093-01-23,0.6878223651741494,0.8586937886146765,0.6360034404674884
1,2093-02-22,0.817638653560037,0.9087568688697468,0.7640138087809558
2,2093-03-24,0.7589788715145591,0.9206254596742659,0.823009943364633
3,2093-04-23,0.7535147131456457,0.8071428496284636,0.5531865478210197
1,2093-05-23,0.7697744175365191,0.859684220500165,0.6340934064036197
1,2093-06-22,0.7749865528434438,0.8431084638195159,0.8167909528798423
1,2093-07-22,0.7399931144499466,0.830769965098295,0.612083185611288
1,2093-08-21,0.720592286654546,0.8531811973479926,0.6590020203328335
3,2093-09-20,0.7373545508506884,0.8780653849344274,0.5791353301934481
3,2093-10-20,0.8328297241084629,0.790957378509814,0.5893859322106719
3,2093-11-19,0.7498358806384462,1.0,0.5161236258370322
3,2093-12-19,0.7019202133807926,0.885083619455419,0.6893810556344
2,2094-01-18,0.7163083171448477,0.8086041117572998,0.7041591214386653
1,2094-02-17,0.7926470715388184,0.7369071444800992,0.6964718699056093
3,2094-03-19,0.7988784280664023,0.8013963746658188,0.5581159289476622
1,2094-04-18,0.7764907452962675,0.7979859318854524,0.6847856547058983
2,2094-05-18,0.8102382564546691,0.8322452711269325,0.6056869290192577
3,2094-06-17,0.6822959035830537,0.932099725718079,0.6420179134283684
3,2094-07-17,0.8433266041859612,0.8321072824193905,0.6407529836354154
2,2094-08-16,0.742955708959971,0.8251822282981478,0.7777624799516539
1,2094-09-15,0.7214716501202467,0.8039549242565174,0.7539125168686691
1,2094-10-15,0.7331529424797514,0.7993092013309501,0.5933427605226463
1,2094-11-14,0.7110374513521881,0.8479587667268927,0.4350728750902085
2,2094-12-14,0.6468504202509061,0.8274647718556306,0.5191250409217207
1,2095-01-13,0.8080871342751486,0.7823707526133196,0.6114856590372686
2,2095-02-12,0.7433792770362744,0.8963303656906859,0.6925422889535835
1,2095-03-14,0.6768431296508444,0.8157258559886893,0.6944524743974352
3,2095-04-13,0.8302995704587508,0.9719396430830641,0.7037169957742437
2,2095-05-13,0.7280141487355447,0.8397878277602105,0.5761424100342969
3,2095-06-12,0.7330811324272518,0.8610751425010635,0.5510287205216373
3,2095-07-12,0.6789865431568916,0.8931831293651551,0.7096137618244703
3,2095-08-11,0.7090235312265788,0.8496011708868302,0.544409530234574
3,2095-09-10,0.8006748492817911,0.7803377881644257,0.7390422787288029
1,2095-10-10,0.7209842673500767,0.9186043644446403,0.6158334650264202
2,2095-11-09,0.8144965668016082,0.8837259044943286,0.5880080392149372
2,2095-12-09,0.7741794859616237,0.8254042756468175,0.510741203306245
1,2096-01-08,0.8909974881648262,0.8623115885087334,0.6074736307047567
3,2096-02-07,0.718809356671306,0.7877976946055648,0.9200561868479095
1,2096-03-08,0.7422004731370074,0.8332114134161666,0.5813320029828809
2,2096-04-07,0.7225699140560639,0.8526440706113282,0.7111412635773882
3,2096-05-07,0.8315226156345761,0.7825379550510045,0.6163589262617313
2,2096-06-06,0.7320461930744541,0.8179039765591781,0.5145727688140053
1,2096-07-06,0.7472613567838992,0.8602559542819482,0.6286484150752847
1,2096-08-05,0.7348983683516088,0.881407300399388,0.5713998589850233
3,2096-09-04,0.7340359199367273,0.9045081809317805,0.5516439711534139
3,2096-10-04,0.7803351833270546,0.8887087887137689,0.6715820745116863
2,2096-11-03,0.7229785833845379,0.9541167569190131,0.5388089086313594
1,2096-12-03,0.822996605600291,0.8029263534125805,0.7247423554823853
2,2097-01-02,0.8249720302981423,0.8498749614888909,0.6158330202945376
1,2097-02-01,0.7449520948226526,0.8408270197775694,0.5445975742457831
1,2097-03-03,0.8350195527776316,0.8874509192134682,0.6027563219573271
3,2097-04-02,0.7596527516148525,0.7817713774692284,0.7357409010324352
2,2097-05-02,0.7202611539170216,0.8572123019913048,0.6437364495173602
1,2097-06-01,0.8387835329052208,0.8989233587744409,0.7519197615346058
3,2097-07-01,0.7192354903739262,0.7989906059017016,0.5430186870172623
3,2097-07-31,0.8758600583002943,0.8526065762152022,0.7278900479023338
2,2097-08-30,0.7223647539981961,0.8632266365160357,0.5919853150539756
3,2097-09-29,0.7282680453560788,0.7415650928086829,0.5860708693663721
3,2097-10-29,0.6295287126025992,0.8649726151141636,0.7768001098282252
2,2097-11-28,0.6926536547033397,0.8588279409764628,0.652764880948402
3,2097-12-28,0.7488704817240001,0.8966553726253452,0.5247254661335208
1,2098-01-27,0.7223809267104959,0.7753550969168974,0.5154497862780305
3,2098-02-26,0.70256708516685,0.8901041217241548,0.7474803796767009
3,2098-03-28,0.7209019875821423,0.8159009014592994,0.6875921500360613
3,2098-04-27,0.7070301687741805,0.8120703119406624,0.6768855113848534
1,2098-05-27,0.6254756768697173,0.974513608359598,0.8542684826760091
1,2098-06-26,0.8219987683080057,0.8333942810914181,0.6473401297140771
1,2098-07-26,0.8003465572370635,0.8153121047153883,0.6676927296492633
3,2098-08-25,0.8174363755067,0.9169333946538487,0.6138099116502141
2,2098-09-24,0.7093941072834943,0.8514244279668798,0.6782049972799902
2,2098-10-24,0.7043568577190332,0.8520785207016095,0.6841521075693604
3,2098-11-23,0.7023323430101593,0.8431628769189228,0.651944352355154
2,2098-12-23,0.790358297993545,0.8757359634770614,0.584107567263357
1,2099-01-22,0.7534357376673367,0.9393635318851096,0.627095970441642
1,2099-02-21,0.8179443008711795,0.8391591326690623,0.5024285597883252
2,2099-03-23,0.7773182265699674,0.7990498732866551,0.6506691625602835
3,2099-04-22,0.8199213700946933,0.7948230797565868,0.6531249903594404
2,2099-05-22,0.7269737996802427,0.7933544226436424,0.5250430084780442
2,2099-06-21,0.7103399929083586,0.8776623048645331,0.6947405821936228
2,2099-07-21,0.7961694621234111,0.9379774227890206,0.7481218500677603
3,2099-08-20,0.6944531104924349,0.838436657588335,0.6548917828864027
1,2099-09-19,0.7224306278957899,0.7923416627001425,0.6461695604901386
3,2099-10-19,0.6335818611496496,0.8431885315501215,0.7614648385650091
2,2099-11-18,0.790289934997733,0.81086122971277,0.7039441265758388
1,2099-12-18,0.7127827363014207,0.8884115752150527,0.6254036427489679
1,2100-01-17,0.6457222726003624,0.8390997293136407,0.7399349846046316
2,2100-02-16,0.7774722486525626,0.8330803065027673,0.6281795874814825
2,2100-03-18,0.757074592257172,0.7803911449758557,0.6958542656804918
3,2100-04-17,0.8034056283489358,0.9299631634853494,0.7002565447287281
1,2100-05-17,0.8402968836826264,0.8872290512061147,0.6305188744083436
2,2100-06-16,0.7632298984838306,0.7859707960243805,0.6016634837672211
3,2100-07-16,0.6636472324081998,0.8638686236298418,0.6401321168989882
2,2100-08-15,0.7276971805723244,0.838690079406245,0.7168191963978904
3,2100-09-14,0.8311625376817507,0.8054743645777833,0.7024919629220582
3,2100-10-14,0.8142416395729849,0.8501922465375269,0.7734351760620304
2,2100-11-13,0.724750409679657,0.8399066479901494,0.6274985287454945
2,2100-12-13,0.7509636785640385,0.8776768036606737,0.7777756745155145
1,2101-01-12,0.6777731197054268,0.8439027785025287,0.6811012553008661
3,2101-02-11,0.767800506579279,0.8426042510396584,0.5911517789190737
2,2101-03-13,0.8351594247182623,0.7811060124286201,0.6343953896809592
1,2101-04-12,0.8141499056730264,0.8696089203810078,0.836669793719561
3,2101-05-12,0.8276271176341253,0.8497496729623294,0.6598695807524618
1,2101-06-11,0.7087699571758003,0.8369015417037042,0.6659459784010173
3,2101-07-11,0.7622597405918994,0.8899685426460625,0.4945577756506761
1,2101-08-10,0.7900752542867718,0.8644721234556818,0.6413292962705806
2,2101-09-09,0.7640535361360689,0.8622336476312966,0.5269358664644493
3,2101-10-09,0.7914256704256465,0.9323351832732918,0.6815096197005928
3,2101-11-08,0.8751931098027014,0.9192684062885241,0.7234614088783542
1,2101-12-08,0.7280449406105896,0.8894581882792612,0.6620797832951749
2,2102-01-07,0.6716983705687509,0.7797250211666704,0.774185770139524
3,2102-02-06,0.8198095635927976,0.8846579437515423,0.7006033739783144
3,2102-03-08,0.6907500423154871,0.966273510249918,0.8422884860736075
1,2102-04-07,0.7751956043840016,0.9258253324922797,0.8345521084789345
3,2102-05-07,0.6885968901554729,0.8678755827260929,0.7304549745935596
1,2102-06-06,0.6972358620565409,0.8847259137149527,0.6324282363121094
2,2102-07-06,0.8006618192075381,0.8029617821829845,0.6073787156695449
2,2102-08-05,0.7873921102057158,0.8100216624754579,0.5239307710505849
1,2102-09-04,0.7281934409227078,0.7898544980583581,0.6551396545504937
1,2102-10-04,0.6583826626501097,0.804487460777752,0.8732610809902044
3,2102-11-03,0.8181746542428818,0.837560320518108,0.61650626766499
2,2102-12-03,0.8269824889037685,0.8795872715795274,0.5618709445401842
2,2103-01-02,0.7722124552486571,0.8211882774541733,0.6175074537993192
2,2103-02-01,0.8106875574319056,0.8610158956489959,0.6211046587183566
1,2103-03-03,0.8030238049779225,0.9428955500454563,0.7467180712813237
2,2103-04-02,0.8398574859564891,0.8286710537777521,0.6300690190107234
2,2103-05-02,0.7161764042482692,0.765898546397517,0.623373177424688
3,2103-06-01,0.8083047684444273,0.9235583880322233,0.644625928403459
1,2103-07-01,0.722427553003509,0.7829679008493554,0.6300017087284424
2,2103-07-31,0.8726896816706546,0.9618633533107047,0.6336360537695058
2,2103-08-30,0.7387825038919738,0.8978929295494761,0.5589098036929488
3,2103-09-29,0.6125346907141347,0.810807410011987,0.7576546473648786
3,2103-10-29,0.8075202199389209,0.9060842932868723,0.8083180692824172
2,2103-11-28,0.7472350352668675,0.9695079438850692,0.7341845460759953
1,2103-12-28,0.6794187817523342,0.7806314481241552,0.5204969599936828
3,2104-01-27,0.7130559090917847,0.7573724761068067,0.5764840161690861
2,2104-02-26,0.8035869768449676,0.8674205697085061,0.6449894676336292
3,2104-03-27,0.8593878303184528,0.8868010508273256,0.6114206157084906
1,2104-04-26,0.6947199894419948,0.7948234275176532,0.5461313701074175
2,2104-05-26,0.8350801280608656,0.8515506101461092,0.7665489345492432
2,2104-06-25,0.6714612076319536,0.8434244371863618,0.5412015311189575
1,2104-07-25,0.7587877604412888,0.859924955609721,0.8650767617469335
1,2104-08-24,0.6433218087215207,0.8341670361267837,0.6133336113806913
2,2104-09-23,0.739191716051089,0.7906752485116192,0.6988495010009048
3,2104-10-23,0.7130700595326446,0.8622737876045143,0.572217677728833
3,2104-11-22,0.7351977329447259,0.8339762990031044,0.6658097796646776
2,2104-12-22,0.7363883854322433,0.8380659056364771,0.7158068737115523
1,2105-01-21,0.6902472437128284,0.7612017192404357,0.5948078603729815
